"Resource_Title","Number_of_downloads"
"ALNAPLessonsCycloneNargis.pdf",12809
"ALNAPLessonsEarthquakes.pdf",8303
"ALNAPLessonsFoodPriceCrisis.pdf",5537
"alnap protection guide.pdf",2961
"alnaplessonsfoodpricecrisis.pdf",2706
"ALNAP ProVention_flood_lessons.pdf",2120
"ALNAP ProVention_lessons_on_slow onset_disasters.pdf",1652
"alnap hpg sudan paper.pdf",1599
"ALNAP ProVention_SAsia_Quake_Lessonsa.pdf",1595
"ALNAP ProVention_SAsia_Quake_Lessonsb.pdf",1537
"alnap provention lessons urban.pdf",1407
"alnap_protection_guide.pdf",1249
"alnaplessonsgaza.pdf",1043
"alnap_strategy_2008 2013.pdf",1018
"ALNAPLessonsEarthquakesChinese.pdf",957
"ALNAPLessonsGaza.pdf",876
"ALNAP_HPG_Sudan_Paper.pdf",752
"alnaplessonsgaza(1).pdf",652
"alnap_membership.pdf",588
"ALNAP Provention_Sasia_recovery_Spanish.pdf",377
"ALNAPLessonsUrbanDisasters.pdf",311
"ALNAP Provention_Sasia_recovery_Urdu.pdf",210
"ALNAP_ElMundo_Spain050608.pdf",194
"ALNAP_Soitu_Spain040608.pdf",183
"ALNAP_EcoDiario_Spain040608.pdf",171
"ALNAP_Canarias7_Spain040608.pdf",166
"ALNAP_Terra_Spain040608.pdf",161
"ALNAP_EFE_Spain040608.pdf",157
"ALNAP_DMinorias_Spain040608.pdf",153
"reportonjointevaluationsworkshopalnapbiannual(2).pdf",142
"ALNAP_workplan_Nov05.pdf",133
"ALNAP_update_dec05.ppt",131
"ALNAP_ElMundo+es_Spain040608.pdf",126
"alnap_vision_full.pdf",79
"alnaplessonsurbandisasters.pdf",27
"alnap_guide_2006.pdf",14
"alnap_vision.pdf",13
"ALNAP",12
"alnap provention lessons urban.pdf  ",4
"alnap provention lessons urban.pdf.",4
"ALNAP ProVention_lessons_on_slowonset_disasters.pdf.",4
"ALNAPLessonsEarthquakesChinese.pdf""+id=""uigs2""+onclick=""itmclk(this,3, 1,+'NormalSummary')""+target=""_blank""+name=""dttl",3
"alnapworkinggroups.pdf",3
"alnap hpg sudan paper.pdf.+Accessed+September+17,+2009",2
"alnap lessons urban.pdf",2
"alnap provention_lessons_on_slow onset_disasters.pdf",2
"alnap provention_sasia_quake_lessonsb.pdf",2
"alnap_handbook.pdf",2
"alnaplessons_cyclone_nargis.pdf",2
"alnaplessonscyclonenargis.pdf",2
"alnaplessonsearthquakes.pdf",2
"alnaplessonsearthquakeschinese.pdf",2
"ALNAPLesssonsCycloneNargis.pdf",2
"ALNAP ",1
"ALNAP ProVention_flood_lessons.pdf_",1
"ALNAP ProVention_le..._slow onset_disasters.pdf",1
"ALNAP ProVention_lessons_on_slowonset_",1
"alnap provention_sasia_quake_lessonsa.",1
"alnap provention_sasia_recovery_spanish.pdf",1
"alnap provention_sasia_recovery_urdu.pdf",1
"alnap provetnion lessons urban.pdf",1
"alnap_dminorias_spain040608.pdf",1
"alnap_efe_spain040608.pdf",1
"alnap_elmundo+es_spain040608.pdf",1
"alnaplessonsfoddpricecrisis.pdf",1
"ALNAPLessonsUrbanDisasters",1
"ALNAPLessopnsFoodPriceCrisis.pdf",1
"ALNAPLesssonsCycloneNargis.pdf,",1
"ALNAPprovention.pdf",1
"meeting_record_dec05.pdf&title=ALNAP+Biannual+Meeting&moduleId=matchingsites.jsp.M&clickedItemPageRanking= 115&clickedItemPage=13&clickedItemDescription=WebResults&obQuery=",1
